<?xml version="1.0" encoding="UTF-8"?>
<beans xmlns="http://www.springframework.org/schema/beans"
	xmlns:xsi="http://www.w3.org/2001/XMLSchema-instance"
	xmlns:aop="http://www.springframework.org/schema/aop"
	xmlns:mybatis-spring="http://mybatis.org/schema/mybatis-spring"
	xmlns:tx="http://www.springframework.org/schema/tx"
	xmlns:jdbc="http://www.springframework.org/schema/jdbc"
	xmlns:context="http://www.springframework.org/schema/context"
	xsi:schemaLocation="http://www.springframework.org/schema/jdbc http://www.springframework.org/schema/jdbc/spring-jdbc-4.1.xsd
		http://mybatis.org/schema/mybatis-spring http://mybatis.org/schema/mybatis-spring-1.2.xsd
		http://www.springframework.org/schema/beans http://www.springframework.org/schema/beans/spring-beans.xsd
		http://www.springframework.org/schema/context http://www.springframework.org/schema/context/spring-context-4.1.xsd
		http://www.springframework.org/schema/aop http://www.springframework.org/schema/aop/spring-aop-4.1.xsd
		http://www.springframework.org/schema/tx http://www.springframework.org/schema/tx/spring-tx-4.1.xsd">

	<!-- <?xml version="1.0" encoding="UTF-8"?> <beans xmlns="http://www.springframework.org/schema/beans" 
		xmlns:xsi="http://www.w3.org/2001/XMLSchema-instance" xmlns:context="http://www.springframework.org/schema/context" 
		xmlns:mybatis-spring="http://mybatis.org/schema/mybatis-spring" xsi:schemaLocation="http://mybatis.org/schema/mybatis-spring 
		http://mybatis.org/schema/mybatis-spring-1.2.xsd http://www.springframework.org/schema/beans 
		http://www.springframework.org/schema/beans/spring-beans.xsd http://www.springframework.org/schema/context 
		http://www.springframework.org/schema/context/spring-context-4.1.xsd"> -->


	<!-- Root Context: defines shared resources visible to all other web components -->

	<!-- <bean id="dataSource" class="org.springframework.jdbc.datasource.DriverManagerDataSource"> 
		<property name="driverClassName" value="net.sf.log4jdbc.sql.jdbcapi.DriverSpy"></property> 
		<property name="url" value="jdbc:log4jdbc:mysql://127.0.0.1:3306/book_ex"></property> 
		<property name="username" value="zerock"></property> <property name="password" 
		value="zerock"></property> </bean> <bean id="sqlSessionFactory" class="org.mybatis.spring.SqlSessionFactoryBean"> 
		<property name="dataSource" ref="dataSource" /> <property name="configLocation" 
		value="classpath:/mybatis-config.xml"></property> <property name="mapperLocations" 
		value="classpath*:mappers/**/*Mapper.xml"></property> </bean> <bean id="sqlSession" 
		class="org.mybatis.spring.SqlSessionTemplate" destroy-method="clearCache"> 
		<constructor-arg name="sqlSessionFactory" ref="sqlSessionFactory"></constructor-arg> 
		</bean> <context:component-scan base-package="org.zerock.persistence"></context:component-scan> 
		<context:component-scan base-package="org.zerock.service"></context:component-scan> 
		<context:component-scan base-package="org.zerock.aop"></context:component-scan> 
		<aop:config> </aop:config> <aop:aspectj-autoproxy></aop:aspectj-autoproxy> 
		<bean id="transactionManager" class="org.springframework.jdbc.datasource.DataSourceTransactionManager"> 
		<property name="dataSource" ref="dataSource"></property> </bean> <tx:annotation-driven 
		/> -->





	<!-- HikariCP configuration -->
	<bean id="hikariConfig" class="com.zaxxer.hikari.HikariConfig">
		<!-- <property name="driverClassName" value="oracle.jdbc.driver.OracleDriver"></property> 
			<property name="jdbcUrl" value="jdbc:oracle:thin:@localhost:1521:XE"></property> 
			value="jdbc:log4jdbc:oracle:thin:@192.168.0.39:1521:xe"></property>
			
			value="jdbc:log4jdbc:oracle:thin:@192.168.0.391521:xe"></property>
			-->
		<property name="driverClassName"
			value="net.sf.log4jdbc.sql.jdbcapi.DriverSpy"></property>
		<property name="jdbcUrl"
			value="jdbc:log4jdbc:oracle:thin:@192.168.0.39:1521:xe"></property>
		<property name="username" value="team1"></property>
		<property name="password" value="team1"></property>
	</bean>
	<bean id="dataSource" class="com.zaxxer.hikari.HikariDataSource"
		destroy-method="close">
		<constructor-arg ref="hikariConfig" />
	</bean>

	<bean id="sqlSessionFactory"
		class="org.mybatis.spring.SqlSessionFactoryBean">
		<property name="dataSource" ref="dataSource" />
		<!-- <property name="configLocation" value="classpath:/mybatis-config.xml"></property> -->
		<!-- <property name="mapperLocations" value="classpath:mappers/**/*Mapper.xml"></property> -->
	</bean>


	<!-- user팀 추가 -->
	<bean id="sqlSession"
		class="org.mybatis.spring.SqlSessionTemplate"
		destroy-method="clearCache">
		<constructor-arg name="sqlSessionFactory"
			ref="sqlSessionFactory"></constructor-arg>
	</bean>
	<!-- user팀 추가 end -->
	
	<!-- 메일은 지메일(Gmail)을 기준으로 진행함 -->
	<bean id="mailSender"
		class="org.springframework.mail.javamail.JavaMailSenderImpl">
		<property name="host" value="smtp.gmail.com" />
		<property name="port" value="587" />
		<property name="defaultEncoding" value="utf-8" />
		<property name="username" value="OfficialOtte@gmail.com" />
		<property name="password" value="otte1234" />
		<property name="javaMailProperties">
			<props>
				<prop key="mail.transport.protocol">smtp</prop>
				<prop key="mail.smtp.auth">true</prop>
				<prop key="mail.smtp.starttls.enable">true</prop>
				<prop key="mail.debug">true</prop>
			</props>
		</property>
	</bean>
	

	<mybatis-spring:scan
		base-package="org.zerock.mapper" />

	<context:component-scan
		base-package="org.zerock.sample"></context:component-scan>	
	<context:component-scan
		base-package="org.zerock.service"></context:component-scan>

</beans>
