<?xml version="1.0" encoding="UTF-8" ?>
<!DOCTYPE mapper
  PUBLIC "-//mybatis.org//DTD Mapper 3.0//EN"
  "http://mybatis.org/dtd/mybatis-3-mapper.dtd">
<mapper namespace="org.zerock.mapper.BoardMapper">

	<!-- id 속성은 DAO 의 메소드와 같아야 한다. 여기의 boardVO 는 mybatis-confg.xml 에 Alias 되어 
		있습니다. -->
	<select id="selectBoardList"
		resultType="org.zerock.domain.BoardVO">
		SELECT NUM
		, NAME
		, TITLE
		, CONTENT
		, READCOUNT
		, WRITEDATE
		FROM
		BOARD
		ORDER BY NUM DESC
	</select>

	<select id="insertBoard" resultType="org.zerock.domain.BoardVO">
		INSERT INTO BOARD VALUES(
		BOARDNUMS.NEXTVAL,
		#{name},
		#{title},
		#{content},
		'0',
		SYSDATE)
	</select>


	<select id="selectBoardOne"
		resultType="org.zerock.domain.BoardVO">
		SELECT NUM
		, NAME
		, TITLE
		, CONTENT
		, READCOUNT
		, WRITEDATE
		FROM
		BOARD
		WHERE NUM = #{num}
	</select>
	
	<select id="deleteBoardOne"
		resultType="org.zerock.domain.BoardVO">
		DELETE FROM BOARD
		WHERE NUM = #{num}
	</select>


	<select id="read" resultType="org.zerock.domain.BoardVO">
		SELECT
		NUM,
		NAME,
		TITLE,
		CONTENT,
		READCOUNT,
		WRITEDATE
		FROM
		BOARD
		WHERE NUM = #{num}
	</select>

	<select id="listAll" resultType="org.zerock.domain.BoardVO">
 <![CDATA[ 
  		SELECT
		NUM,
		NAME,
		TITLE,
		CONTENT,
		READCOUNT,
		WRITEDATE,
		FILENEME
		FROM
		BOARD
 		WHERE NUM > 0 
		order by NUM desc, WRITEDATE desc
 ]]>
	</select>

	<select id="listPage" resultType="org.zerock.domain.BoardVO">
 <![CDATA[
		SELECT
		NUM,
		NAME,
		TITLE,
		CONTENT,
		READCOUNT,
		WRITEDATE,
		FROM
		BOARD 
 where NUM > 0 
 order by NUM desc, WRITEDATE desc
 limit #{page}, 10
 ]]>
	</select>
	

	<select id="listCriteria" resultType="org.zerock.domain.BoardVO">
 <![CDATA[
  SELECT NUM, NAME, TITLE, CONTENT, READCOUNT, WRITEDATE, FILENAME FROM
  ( SELECT SEQ, NUM, NAME, TITLE, CONTENT, READCOUNT, WRITEDATE, FILENAME FROM
  ( SELECT ROWNUM AS SEQ, NUM, NAME, TITLE, CONTENT, READCOUNT, WRITEDATE, FILENAME FROM
      (SELECT * FROM BOARD, FILES WHERE NUM = BOARDNUM ORDER BY NUM DESC, WRITEDATE DESC))
  WHERE SEQ >= #{pageStart} ) WHERE ROWNUM <= #{perPageNum}
 ]]>
	</select>

	<select id="countPaging" resultType="int">
 <![CDATA[
 select 
   count(NUM) 
 from 
   BOARD 
 where 
   NUM > 0 
 ]]>
	</select>

	<select id="updateA">
		UPDATE BOARD 
		SET
		TITLE = #{title},
		CONTENT = #{content}
		WHERE NUM = #{num}
	</select>
	
	<select id="updateB">
		UPDATE BOARD 
		SET
		TITLE = #{title},
		CONTENT = #{content}
		WHERE NUM = #{num}
	</select> 

	<sql id="search">
		<if test="searchType != null">
			<if test="searchType == 't'.toString()">
				and title like CONCAT('%', #{keyword}, '%')
			</if>
			<if test="searchType == 'c'.toString()">
				and content like CONCAT('%', #{keyword}, '%')
			</if>
			<if test="searchType == 'w'.toString()">
				and writer like CONCAT('%', #{keyword}, '%')
			</if>
			<if test="searchType == 'tc'.toString()">
				and ( title like CONCAT('%', #{keyword}, '%') OR content like
				CONCAT('%', #{keyword}, '%'))
			</if>
			<if test="searchType == 'cw'.toString()">
				and ( content like CONCAT('%', #{keyword}, '%') OR writer like
				CONCAT('%', #{keyword}, '%'))
			</if>
			<if test="searchType == 'tcw'.toString()">
				and ( title like CONCAT('%', #{keyword}, '%')
				OR
				content like CONCAT('%', #{keyword}, '%')
				OR
				writer like CONCAT('%', #{keyword}, '%'))
			</if>
		</if>
	</sql>

	<select id="listSearch" resultType="org.zerock.domain.BoardVO">
<![CDATA[  
  select * 
  from BOARD 
  where NUM > 0 
]]>

		<include refid="search"></include>
  
<![CDATA[    
  order by NUM desc
  limit #{pageStart}, #{perPageNum}
]]>
	</select>

	<select id="listSearchCount" resultType="int">
<![CDATA[  
  select count(NUM) 
  from BOARD 
  where NUM > 0 
]]>
		<include refid="search"></include>

	</select>
	
<update id="updateReplyCnt">
  update tbl_board set replycnt = replycnt + #{amount} where bno = #{bno}
</update>


<update id="updateViewCnt">
  update tbl_board set viewcnt = viewcnt +1 where bno = #{bno}
</update>


 
<insert id="addAttach">
insert into files (BOARDNUM, FILENAME, REGDATE) values (BOARDNUMS.CURRVAL, #{fullName}, SYSDATE)
</insert> 


<select id="getAttach" resultType="string">
select filename from files where boardnum = #{num} order by regdate
</select> 

 
<delete id="deleteAttach">
delete from tbl_attach where bno = #{bno}
</delete>

<insert id="replaceAttach">
insert into tbl_attach(fullname, bno) values (#{fullName}, #{bno})
</insert>


<select id="selectFileList" resultType="org.zerock.domain.FileVO">
select filename from files where boardnum = #{num} order by regdate
</select> 

  
</mapper>