<?xml version="1.0" encoding="UTF-8"?>
<beans:beans xmlns="http://www.springframework.org/schema/mvc"
	xmlns:xsi="http://www.w3.org/2001/XMLSchema-instance"
	xmlns:beans="http://www.springframework.org/schema/beans"
	xmlns:context="http://www.springframework.org/schema/context"
	xsi:schemaLocation="http://www.springframework.org/schema/mvc https://www.springframework.org/schema/mvc/spring-mvc.xsd
		http://www.springframework.org/schema/beans https://www.springframework.org/schema/beans/spring-beans.xsd
		http://www.springframework.org/schema/context https://www.springframework.org/schema/context/spring-context.xsd">

	<!-- DispatcherServlet Context: defines this servlet's request-processing infrastructure -->
	
	<!-- Enables the Spring MVC @Controller programming model -->
	<annotation-driven />

	<!-- Handles HTTP GET requests for /resources/** by efficiently serving up static resources in the ${webappRoot}/resources directory -->
	<resources mapping="/resources/**" location="/resources/" />

	<!-- Resolves views selected for rendering by @Controllers to .jsp resources in the /WEB-INF/views directory -->
	<beans:bean class="org.springframework.web.servlet.view.InternalResourceViewResolver">
		<beans:property name="prefix" value="/WEB-INF/views/" />
		<beans:property name="suffix" value=".jsp" />
	</beans:bean>
	
<!-- 	<beans:bean id="multipartResolver"
		class="org.springframework.web.multipart.commons.CommonsMultipartResolver">
		<beans:property name="maxUploadSize" value="10485760"></beans:property>
	</beans:bean>
	

	<context:component-scan base-package="org.zerock.controller" />
	<beans:bean id="uploadPath" class="java.lang.String">
		<beans:constructor-arg value="D:\CGR\workspace\spring\OttBoardTest\OttBoardTest\src\main\webapp\resources\img\board">
	</beans:constructor-arg>
	</beans:bean> -->
	
	<context:component-scan base-package="org.zerock.controller" />
	
	<!-- board팀 추가 -->
	
	
	<beans:bean id="multipartResolver" class="org.springframework.web.multipart.commons.CommonsMultipartResolver">
		<beans:property name="maxUploadSize" value="10485760"></beans:property>
	</beans:bean>
	<beans:bean id="uploadPath" class="java.lang.String">
		<beans:constructor-arg value="C:\zzz\upload">
	</beans:constructor-arg>
	</beans:bean>
	
	
	<!-- 인터셉터 beans 추가 -->
	<beans:bean id="authInterceptor"
		class="org.zerock.interceptor.AuthInterceptor"></beans:bean>

	<beans:bean id="loginInterceptor"
		class="org.zerock.interceptor.LoginInterceptor"></beans:bean>


	<interceptors>
		<interceptor>
			<mapping path="/user/loginPost" />
			<beans:ref bean="loginInterceptor" />
		</interceptor>
		<interceptor>  <!-- 로그인하지 않은 유저는 아래의 페이지에 접근하지 못함 -->
			<mapping path="/" />	
			<mapping path="/main/home" />
			<mapping path="/main/recommend" />
			<mapping path="/main/latest" /> 
			<mapping path="/main/wishlist" />
			<mapping path="/user/logout" />
			<mapping path="/member/profile" />
			<mapping path="/member/favorite" />		
			<mapping path="/member/favorite2" />		
			<mapping path="/member/favorite3" />		
			<mapping path="/contents/*" />
			<mapping path="/board/*" />				
			<beans:ref bean="authInterceptor" />
		</interceptor>
	</interceptors>
	<!-- 인터셉터  -->

	
</beans:beans>
